English,SPANISH,FRENCH,GERMAN,ARABIC,JAPANESE,CHINESE,TAMIL,HINDI
of,de,de,von,?,?,?,of,??
I,I,je,ICH,???,?,?,????,???
East,Este,est,Ost,???,?,??,???????,?????
not,no,pas,nicht,??,??,??,?????,????
THE,EL,le,DER,??,,?,??,
YOU,vosotras,vous,DU,???,???,?,???????,??
there,allÃÂ¡,la,Dort,????,????,??,?????,????
that,eso,que,Du,???,???,?,???????,??
A,A,un,Das,???? - ????,??,?,????,??
he,ÃÂl,il,A,?,a,A,A,?
And,Y,et,Er,??,?,?,????,??
has,tiene,ÃÂÃÂ ,Und,?,???,?,???????,??
has,tiene,a,hat,????,?????,?,??????,??
This,Este,ce,hat,????,?????,?,??????,??
we,nosotros,on,geboren,??????,????,??,???????,????
That,Eso,ÃÂÃÂ§a,DER,??,,?,??,
a,a,une,Das,???,??,?,???,??
have,tener,ai,In,??,?,?,???,???
Me,A mÃÂ­,moi,Wir,???,????,??,???????,??
Who,OMS,qui,Das,???? - ????,??,?,????,??
We,Nosotros,nous,A,?,a,A,a,?
Y,Y,y,haben,????,?????,?,????????,??? ????
me,a mÃÂ­,me,Für,?,????,??,????,?? ???
In,dentro,dans,des,??????,?,?,of,??
of,de,du,Mich,???,??,?,????,????
She,ella,elle,WHO,??,??,WHO,WHO,???
if,si,si,Wir,???,????,??,???????,??
All,todo,tout,Aber,???,???,?,???????,?????
more,MÃÂ¡s,plus,Y,?,y,y,Y,Y
No,No,non,Mich,???,??,?,????,????
My,Mi,mon,In,??,?,?,???,???
you,tÃÂº,te,von,?,?,?,of,??
At,En,au,GUT,???,??,??,????,?????
with,con,avec,Sie,??,??,?,????,??
Yes,SÃÂ­,oui,Wenn,??,??,??,???????,???
go,ir,va,Alle,??????,??,??,???????,???
do,hacer,fait,mehr,????,???,???,??????,????
they,ellos,ils,NEIN,??,???,?,?????,????
AS,COMO,as,Mein,??,??,??,???,????
TO DO,hacer,faire,Bin,????,??,?,????,?????????
se,SE,se,Du,???,???,?,???????,??
as,como,comme,Bei,??,?,?,At,??
was,estaba,ÃÂÃÂ©tait,mit,??,?,?,????,???
on,seguro,sur,Ja,???,??,??,???,???
What,QuÃÂ©,quoi,gehen,????,??,?,???,????
know,saber,sais,Du,???,???,?,???????,??
him,a ÃÂ©l,lui,Tun,????,??,?,????,????
want,desear,veux,Sie,??,???,??,???????,??
my,mi,ma,ALS,???,???,??,??,????
there,allÃÂ¡,lÃÂÃÂ ,Sei,????,??,?,???,????
Nothing,Nada,rien,MACHEN,??? ????,??,??,?????,???? ?? ???
said,dicho,dit,se,SE,se,se,???.?.,??
es,cepalle,es,als,???,???,??,??,????
Or,O,oÃÂÃÂ¹,War,???,???,??,????????,??
your,su,votre,An,???,??,?,???,??
are,estÃÂ¡n,sont,Was,????,?,??,????,????
this,este,cette,Hier,???,??,??,?????,????
When,Cuando,quand,wissen,????,??,??,????????,?????
by,por,par,ihn,??,?,?,????,???
your,su,ton,wollen,????,???,?,????????,?????
can,puedo,peux,Mein,??,??,??,???,????
SO,entonces,alors,Dort,????,????,??,?????,????
say,decir,dire,Nichts,?? ??,????,????,??????? ?????,??? ????
go,ir,vais,sagte,???,???,?,????????,???
how,cÃÂ³mo,comment,es,ES,es,es,???,???
Good,Bien,bon,Oder,??,???,??,??????,??
Or,O,ou,dein,??,????,??,??????,????
very,muy,trÃÂÃÂ¨s,Warum,?????,??,???,???,?????
even,incluso,mÃÂÃÂªme,Sind,????,?,?,???,???
have,tienen,ont,Das,???,??,?,???,??
Never,Nunca,jamais,Wann,???,??,????,??????????,??
Also,tambiÃÂ©n,aussi,von,??????,???,??,?????,??????
thing,cosa,chose,ihr,??,??,?,????,????
see,ver,voir,dein,??,????,??,??????,????
Go on,Seguir,allez,dürfen,??????,???,?,????????,?? ????
all,todo,tous,ALSO,???,???,??,??????,?????
these,estos,ces,sagen,????,??,?,?????,????
two,dos,deux,gehen,????,??,?,???,????
must,debe,faut,Wie,???,?????,??,??????,????
summer,Verano,ÃÂÃÂ©tÃÂÃÂ©,haben,????,?????,?,????????,??? ????
are,son,ÃÂÃÂªtes,Gut,???,??,??,????,?????
your,su,ta,Oder,??,???,??,??????,??
to have,haber,avoir,sehr,????,???,??,???????,????
do ,hacer,fais,sogar,???,?,??,???,???? ?? ????
can,puede,peut,DANKE,?????,?????,??,?????,???????
other,otro,autre,haben,????,?????,?,????????,??? ????
Again,De nuevo,encore,Niemals,?????,?????,??,?????????,??? ????
little,pequeÃÂ±o,peu,Auch,?????,??,?,??????,??
Really,En realidad,vraiment,Ding,???,??,??,??????,????
M,METRO,m,sehen,???,??,?,???????,?????
my,mi,mes,Mach weiter,????,???,??,???????????,???? ????
time,tiempo,temps,alle,??????,??,??,?????????,???
always,siempre,toujours,diese,?????,???,??,???,??
OUR,NUESTRO,notre,zwei,?????,?,?,??????,??
life,vida,vie,ihr,??,??,?,????,????
Oh,Oh,oh,muss,???,?????????,??,????????,?????
just,justo,juste,Sommer,???,?,??,???? ?????,?????
had,tenÃÂ­a,avait,Sind,????,?,?,???,???
world,mundo,monde,dein,??,????,??,??????,????
agreement,acuerdo,accord,haben,??????,????,??,????????,???? ?? ???
times,veces,fois,Tun,????,??,?,????,????
go,ir,aller,dürfen,??????,???,?,????????,?? ????
too much,demasiado,trop,andere,???,??,??,?????????,????
come,ven,viens,JETZT,????,?,??,???????,??
believe,creer,crois,Wieder,??? ????,??,??,????????,??????
must,debo,dois,wenig,????,??,??,?????,?????
father,padre,pÃÂÃÂ¨re,Wirklich,????,???,??,?????????,?????? ???
God,Dios,dieu,M,?,m,m,??,??
man,hombre,homme,Mein,??,??,??,???,????
on,seguro,sÃÂÃÂ»r,Zeit,???,??,??,?????,???
to,a,aux,stets,??????,???,??,?????????,?????
their,su,leur,UNSER,?????,????,???,????,?????
Before,Antes,avant,Leben,????,??,??,????????,???????
is,es,ÃÂÃÂ©tais,Oh,???,??,?,?,??
women,mujer,femme,Nur,???,??,??,?????,???
person,persona,personne,ohne,????,????,??,????????,????
had,tenÃÂ­a,avais,hatte,???,?????,?,????????,??
love,amar,aime,manche,???,?????,??,???,???
at the house of,en la casa de,chez,Welt,????,??,??,?????,??????
TRUE,real,vrai,Vereinbarung,?????,??,??,?????????,??????
years,aÃÂ±os,ans,gesehen,????,??,??,??????????,????
his,su,ses,mal,????,??,??,????,??????
talk,hablar,parler,gehen,????,??,?,???,????
your,su,vos,zu viel,???? ??? ?????,???,???,???????,???? ????
After,DespuÃÂ©s,aprÃÂÃÂ¨s,kommen,????,??,?,?????????,???
dead,muerto,mort,glauben,?????,???,??,??????????,???????
That,Eso,ca,muss,???,?????????,??,????????,?????
eu,UE,eu,Vater,??,??,??,?????,????
wanna,querer,veut,Gott,???,?,??,??????,?????
because,porque,parce que,Mann,???,?,??,???,????
will be,serÃÂ¡,sera,An,???,??,?,???,??
better,mejor,mieux,Zu,?,?,?,to,??
Good,buena,bonne,ihre,???,???,???,????????,????
little,pequeÃÂ±o,petit,Vor,???,??,?,????,????
your ,su,tes,Ist,????,?,?,??????????,??
say,decir,dis,brauchen,?????,??,??,????,??????
a lot,mucho,beaucoup,Frauen,????,??,??,???????,???
Sir,seÃÂ±or,monsieur,Person,???,?,?,????,???????
There,listo,voilÃÂÃÂ ,hatte,???,?????,?,????????,??
Since,desde,depuis,Liebe,??,?,?,?????,?????
must,debe,doit,im Haus von,?? ????,???,???,????????,?? ?? ??
mother,madre,mÃÂÃÂ¨re,WAHR,?????,??,??,?????,????
go,ir,vas,Jahre,????,?,?,????????,???
see ,ver,vois,sein,??,??,??,?????,????
girl,chica,fille,falsch,???,??????,???,????,???
Already,Ya,dÃÂÃÂ©jÃÂÃÂ ,sprechen,?????,??,??,??????,??? ????
people,gente,gens,dein,??,????,??,??????,????
SO,Entonces,donc,Nach,???,?,?,?????,???
day,dÃÂ­a,jour,tot,???,???,??,??????????????,???
he,ÃÂl,il,Das,???? - ????,??,?,????,??
others,otros,autres,EU,??????? ????????,????,????,??,??????? ???
evening,noche,soir,will,????,???,?,????????,?????
all,toda,toute,Weil,???,????,??,???????,???????
Yeah,SÃÂ­,ouais,wird sein,??? ????,????????,?,?????????,????
money,dinero,argent,besser,????,????,???,????????,?????
House,Casa,maison,Gut,???,??,??,????,?????
think,pensar,pense,dein,??,????,??,??????,????
that,eso,cela,sagen,????,??,?,?????,????
night,noche,nuit,eine Menge,??????,????,??,?????,????
have,tenemos,avons,Herr,???,???,??,???,?????
II,II,ii,Dort,????,????,??,?????,????
shit,mierda,merde,Seit,???,??,??,?????,?? ??
this,este,cet,muss,???,?????????,??,????????,?????
Mom,mamÃÂ¡,maman,Mutter,????,??,??,?????,???
stay,permanecer,reste,Was,????,?,??,????,????
fear,miedo,peur,gehen,????,??,?,???,????
Sorry,Lo siento,dÃÂÃÂ©solÃÂÃÂ©,sehen,???,??,?,???????,?????
Hi,Hola,salut,Mädchen,???,???,??,????,?????
alone,SÃÂ³lo,seul,Bereits,??????,???,??,???????,???? ??
quickly,rÃÂ¡pidamente,vite,Menschen,?????,??,??,??????,???
take,llevar,prendre,ALSO,???,???,??,??????,?????
look at,mira a,regarde,Tag,???,?,?,????,???
either,cualquiera,soit,Er,??,?,?,????,??
air,aire,air,Andere,?????,???,???,?????????,????
pass,aprobar,passÃÂÃÂ©,Abend,????,??,??,??????????,???
three,tres,trois,alle,??????,??,??,?????????,???
know,saber,savoir,Ja,???,??,??,???,???
jail,celda,plaÃÂÃÂ®t,Geld,???,??,?,????,??
things,cosas,choses,Haus,????,?,??,????,??
son,hijo,fils,Name,???,??,??,?????,???
ah,ahorcado,ah,Guten Morgen,???? ?????,????,???,???? ???????,??? ??????
down,abajo,bas,denken,????,???,??,?????????????,?????
less,menos,moins,unser,?????,????,???,????,?????
between,entre,entre,Das,???? - ????,??,?,????,??
tomorrow,maÃÂ±ana,demain,Nacht,????,?,??,????,???
big,grande,grand,II,??????,ii,ii,Ii,???????
want,desear,voulez,Scheisse,?????,????,??,????,??
stopped,interrumpido,arrÃÂÃÂªte,Das,???,??,?,???,??
eh,eh,hein,Papa,??,????,??,?????,????
hold on,esperar,attends,Mama,??,????,??,?????,???
OK,DE ACUERDO,ok,bleiben,????,????,??,????,????
reason,razÃÂ³n,raison,Furcht,????,??,??,????,??
children,niÃÂ±os,enfants,Entschuldigung,???,???,???,????????????,????? ??????
enough,suficiente,assez,Hallo,?????,?????,??,???????,??????
would have,tendrÃÂ­a,aurais,allein,????,???,???,??????,?????
they,ellas,elles,angekommen,???,????,???,?????????????,??????
wanted,buscado,voulais,schnell,?????,???,???,???????,????? ??
are,somos,sommes,nehmen,????,??,?,????????? ???????????,????
days,dÃÂ­as,jours,ansehen,???? ???,??,??,??? ???????,????
speak,hablar,parle,entweder,?????,????,????,?????,????? ??? ?? ??
moment,momento,moment,Luft,????,??,??,??????,????
love,amor,amour,Was,????,?,??,????,????
all,todas,toutes,passieren,???,??,??,????,????????
hour,hora,heure,drei,?????,??,?,??????,???
Then,despuÃÂ©s,puis,wissen,????,??,??,????????,?????
late,tarde,tard,Gefängnis,???,???,??,????,???
kill,matar,tuer,Dinge,?????,??,??,?????????,??????
eh,eh,eh,Sohn,???,??,??,????,????
of,de,dÃÂÃÂ»,Ah,??,??,?,?,???
friend,amigo,ami,runter,???,?,??,????,????
small,pequeÃÂ±a,petite,weniger,???,???,???,???????,??
leave,"Marcharse, irse",partir,zwischen,???,?,??,???????,??? ???
men,hombres,hommes,passieren,???,??,??,????,????????
know,saber,connais,Hey,??,??,?,???,???
help,ayudar,aider,morgen,????,??,??,????,??
know,saber,savez,Anruf,????,??,??,???????,???????
chance,suerte,chance,groß,????,???,??,???????,????
How much,CuÃÂ¡nto,combien,Kopf,???,?,?,???,???
so much,mucho,tant,wollen,????,???,?,????????,?????
knows,conocido,sait,Tun,????,??,?,????,????
taken,tomado,pris,gestoppt,?????,??,????,???????????????,???? ???
cut,cortar,coup,Eh,???,??,?,?,??
door,puerta,porte,festhalten,?????,????,?????,????,??????
would be,serÃÂ­a,serait,OK,???,??????,??,???,??? ??
take,llevar,prends,Grund,???,??,??,??????,????
come,venir,venir,Kinder,?????,????,???,??????????,?????
work,trabajar,travail,genug,????,??,???,???????,????????
could,podrÃÂ­a,pu,hätte,?????,????????,??,????????,????
sense,sentido,sens,Sie,??,???,??,???????,??
let's go,vamos,allons,gesucht,?????,?????,??,????,??????
whore,puta,putain,Sind,????,?,?,???,???
idea,idea,idÃÂÃÂ©e,Tage,????,??,?,?????????,???
against,contra,contre,sprechen,?????,??,??,????,?????
goodbye,adiÃÂ³s,revoir,Moment,????,??,??,????,??
heard,escuchÃÂ³,entendu,Liebe,??,?,?,?????,?????
understand,entender,comprends,alle,??????,??,??,?????????,???
pass,gastar,passer,Stunde,????,??,??,???,????
during,durante,pendant,Dann,??,????,??,?????,??
find,encontrar,trouver,spät,?????,??,??,???????,???
a few,algunas,quelques,töten,???,??,?,????,?????
come,venir,vient,Eh,???,??,?,?,??
old,viejo,vieux,von,?,?,?,of,??
would have,tendrÃÂ­a,aurait,Freund,????,??,??,??????,?????
attention,atenciÃÂ³n,attention,klein,????,???,??,?????,????
request,pedido,demande,verlassen,????,???,??,????????,??????
seek,buscar,chercher,Männer,????,??,??,??????,???????
below,abajo,sous,wissen,????,??,??,????????,?????
can,poder,pouvez,helfen,?????,???,??,????,???
here is,aquÃÂ­ estÃÂ¡,voici,wissen,????,??,??,????????,?????
could,podrÃÂ­a,pourrait,Jungs,????,???,???,?????????,??????
blood,sangre,sang,Chance,????,????,??,????????,????
friends,amigos,amis,Wie viel,?? ???,???,??,???????,?????
to go out,salir,sortir,so viel,?????,????,??,???????,???? ??????
question,pregunta,question,weiß,????,?????,??,????????,????? ??
come,venir,venez,gehen,????,??,?,???,????
stay,permanecer,rester,Auto,?????,?,?,????,???
brother,hermano,frÃÂÃÂ¨re,genommen,?????,????,??,??????????????,????
city,ciudad,ville,Ausgabe,?????,??,??,?????????,??????
finished,finalizado,fini,Heute,?????,??,??,?????,??
new,nuevo,nouveau,schneiden,????,???,?,??????,?????
them,a ellos,eux,Tür,???,??,?,????,??????
thing,cosa,truc,wäre,?????,???,??,???????? ?????,????
hold,sostener,tiens,nehmen,????,??,?,????????? ???????????,????
eyes,ojos,yeux,kommen,????,??,?,?????????,???
leave alone,dejar solo,laisse,arbeiten,???,??,??,????,???
dude,dudar,mec,könnte,??????,???,??,????????,????
beautiful,precioso,belle,Familie,?????,??,??,?????????,??????
police,policÃÂ­a,police,allein,????,???,???,??????,?????
only,solamente,seulement,Sinn,????,???,??,??????,???
imported,importado,importe,lass uns gehen,???? ????,?????,????,???????,?? ??
hours,horas,heures,Hure,?????,???,??,????,??????
water,agua,eau,Idee,????,????,??,?????,?????
because,porque,car,weder,??,???????,????,?????,??? ?? ????
great,excelente,super,gegen,??,????,??,??????,???????
case,caso,cas,Verabschiedung,?? ???????,?????,??,??????????,??????
are going,van,vont,gehört,???,???,??,???????????????,????
kill,matar,tuÃÂÃÂ©,verstehen,????,????,??,????????,?????
earth,tierra,terre,passieren,???,??,??,????,????????
place,lugar,place,während,????,???,??,????,?????
together,juntos,ensemble,finden,???,??,??,?????????,????
kind,amable,type,finden,???,??,??,?????????,????
beautiful,hermoso,beau,ein paar,?????,????,??,??? ???,???
pardon,indulto,pardon,kommen,????,??,?,?????????,???
towards,hacia,vers,alt,????,??,??,????,??????
none,ninguno,aucun,hätte,?????,????????,??,????????,????
war,guerra,guerre,Aufmerksamkeit,??????,??,???,?????,?????
find,encontrar,trouve,Anfrage,???,?????,??,????????,??????
part,parte,partie,suchen,????,???,??,?????????,????
following,siguiente,suite,unten,???,??,??,????,????
pray,orar,prie,dürfen,??????,???,?,????????,?? ????
Understood,Comprendido,compris,hier ist,???,???,??,?????,???? ??
arrived,llegÃÂ³,arrivÃÂÃÂ©,könnte,??????,???,??,????????,????
mrs,seÃÂ±ora,mme,Blut,??,?,?,???????,???
their,su,leurs,Geschichte,?????,??,??,??????,??????
were,eran,ÃÂÃÂ©taient,Freunde,??????,??,???,?????????,?????
put,poner,mettre,ausgehen,??????,????,??,?????? ?????,???? ???? ?? ???
Morning,MaÃÂ±ana,matin,Frage,????,??,??,??????,????
help,Ayuda,aide,kommen,????,??,?,?????????,???
above,arriba,dessus,bleiben,????,????,??,????,????
be,ser,sois,Bruder,??,??,??,????????,???
END,FIN,fin,Stadt,?????,?,??,?????,???
lost,perdido,perdu,fertig,?????,????,???,?????????,????
young,joven,jeune,neu,????,???,??,???????,???
Dear,CariÃÂ±o,chÃÂÃÂ©rie,ihnen,??,??,??,???????????,??????
first,primero,premier,Ding,???,??,??,??????,????
wait,esperar,attendez,halten,????,??,??,????,??????
child,niÃÂ±o,enfant,Augen,????,?,??,??????,?????
given,dado,donne,Monat,???,?,?,?????,?????
came,vino,venu,allein lassen,????? ??????,??,????,?????? ????,????? ???? ??
side,lado,cÃÂÃÂ´tÃÂÃÂ©,Alter,?? ?????,??,??,???,?????
bedroom,habitaciÃÂ³n,chambre,eine lange Zeit,??? ????,???,????,??? ????? ?????,?? ???? ???
far,lejos,loin,Schön,????,???,???,????,?????
give,dar,donner,Polizei,????,??,??,?????,?????
should,deberÃÂ­a,devrais,nur,???,??,???,???????,????
to leave ,dejar,laisser,importiert,??????,??,??,????????? ?????????????,??????
fire,fuego,feu,Std.,?????,??,??,???,????
ie,es decir,ie,Wasser,???,?,?,???????,????
train,tren,train,Weil,???,????,??,???????,???????
fat,grueso,gros,Großartig,????,?????,???,?????,????
account,cuenta,compte,jede,??,????,??,???????????,????????
s,s,s,Fall,????,??,??,??????,?????
knew,sabÃÂ­a,savais,gehen,??????,????????,??,???????,?? ??? ???
speak,hablar,parlÃÂÃÂ©,töten,???,??,?,????,?????
first,primero,premiÃÂÃÂ¨re,Erde,???,??,??,????,????
last,ÃÂºltimo,derniÃÂÃÂ¨re,Ort,????,??,??,????,???
minutes,minutos,minutes,Hand,???????,?,?,??,???
none,ninguno,aucune,zusammen,????,???,??,??????,?? ???
husband,marido,mari,Art,????,??,??,?????,?????
Finally,Finalmente,enfin,Schön,????,???,???,????,?????
Mrs,seÃÂ±ora,madame,Begnadigung,???,??,??,?????????,?????
should,deberÃÂ­a,devrait,in Richtung,????,?????,?,???????,?? ??
put,poner,mis,keiner,?? ???,??,????,???????????,??? ????
movie,pelÃÂ­cula,film,Krieg,???,??,??,????,?????
women,mujer,femmes,finden,???,??,??,?????????,????
strong,fuerte,fort,Teil,???,??,??,?????,???
could,podrÃÂ­a,pourrais,folgen,??????,??,???,???????????,????
listen,escuchar,ÃÂÃÂ©coute,beten,????,??,??,???????????,????????? ????
country,paÃÂ­s,pays,vorne,????,??,??,????????,?????
left,izquierda,parti,Verstanden,??????,????,??,???????? ?????????????,????
affair,amorÃÂ­o,affaire,angekommen,???,????,???,?????????????,??????
place,lugar,endroit,Frau,???????,??,??,???????,???????
body,cuerpo,corps,ihre,???,???,???,????????,????
mad,loco,fou,war,???,???,?,????????,??
live,vivir,vivre,setzen,???,??,?,????,????
ready,listo,prÃÂÃÂªt,Morgen,????,?,??,????,????
of which,cuyo,dont,helfen,?????,???,??,????,???
hope,esperanza,espÃÂÃÂ¨re,über,???,???,??,????,???
big,grande,grande,Sei,????,??,?,???,????
cause,causa,cause,Geschlecht,???,??,??,???????,????
point,punto,point,ENDE,?????,???,??,??????,???
girls,chicas,filles,verloren,????,???,???,???????,?? ???
out,afuera,dehors,jung,???,??,???,????,????
yesterday,ayer,hier,Liebling,?????,????,???,?????,?????
job,trabajo,boulot,Erste,?????,??,???,?????,????
thought,pensamiento,pensais,Warten,?????,???,??,????????,???????
boy,niÃÂ±o,garÃÂÃÂ§on,Kind,???,??,??,???????,?????
Sorry,Lo siento,dÃÂÃÂ©solÃÂÃÂ©e,gegeben,???,?????,??,?????????????,???? ???
five,cinco,cinq,kam,???,??,??,??????,???
chief,jefe,chef,würde gerne,?? ??? ??,??????,??,??????????????,???? ???????
h,H,h,Rechts,????,?,???,???,???
Thus,De este modo,ainsi,Seite,????,?,?,????,??
high,alto,haut,Schlafzimmer,???? ???,??,??,??????????,???? ?? ????
the one,el ÃÂºnico,celui,weit,????,??,??,??????,???
request,pedido,demandÃÂÃÂ©,geben,????,???,?,?????????,????
would say,dirÃÂ­a,dirait,sollen,???,???,??,????????,?????
baby,BebÃÂ©,bÃÂÃÂ©bÃÂÃÂ©,verlassen,?????,??,??,???????,???? ????
school,Escuela,ÃÂÃÂ©cole,Feuer,???,?,?,??,??
full,lleno,plein,spielen,????,??,?,?????????????,???
hands,manos,mains,dh,??,????,IE,??????,??????
years,aÃÂ±os,annÃÂÃÂ©es,Zug,????,??,??,???????????,????????
say,decir,dites,fett,????,??,??,????????,????
new,nueva,nouvelle,Konto,????,?????,??,??????,????
eat,comer,manger,S,?,s,s,???,??
doctor,doctor,docteur,wusste,???,?????,??,????????,????? ??
round,redondo,tour,sterben,???,??,?,?????,????
believe,creer,croire,Leistung,???,?,??,?????,?????
those,aquellos,ceux,sehen,????,??,?,????,?????
instead,en cambio,plutÃÂÃÂ´t,sprechen,?????,??,??,????,?????
walk,caminar,marche,gegeben,???,?????,??,?????????????,???? ???
truth,verdad,vÃÂÃÂ©ritÃÂÃÂ©,Erste,?????,??,???,?????,????
envy,envidiar,envie,werde haben,??? ???? ???,??????,??,?????????,????
captain,capitÃÂ¡n,capitaine,zuletzt,???,??,???,?????,?????
e,mi,e,Protokoll,?????,?,??,??????????,????
Stop,parar,arrÃÂÃÂªter,keiner,?? ???,??,????,???????????,??? ????
business,negocio,affaires,Ehemann,???,?,??,?????,???
Soon,Pronto,bientÃÂÃÂ´t,Endlich,??????,???,??,????????,??? ???
view,vista,vue,Frau,???????,??,??,???????,???????
ask,preguntar,demander,Weg,????,??,??,???,??????
last,ÃÂºltimo,dernier,sollen,???,???,??,????????,?????
moment,momento,instant,setzen,???,??,?,????,????
try,intentar,essaie,Film,????,??,??,????,???????
arrive,llegar,arriver,Frauen,????,??,??,???????,???
make,hacen,font,stark,???,??,??,??????,??????
behind,detrÃÂ¡s,derriÃÂÃÂ¨re,könnte,??????,???,??,????????,????
to fall,caer,tomber,Hören,?????,??,?,?????????,?????
almost,casi,presque,Land,????,?,??,????,???
wanted to,querÃÂ­a,voulait,links,????,?,??,????,????
best,mejor,meilleur,Affäre,???,??????,??,????????,?????
number,nÃÂºmero,numÃÂÃÂ©ro,Ort,????,??,??,????,???
DR,DR,dr,Körper,???,?,??,????,????
daytime,tiempo de dÃÂ­a,journÃÂÃÂ©e,Ia,I ?,ia,ia,Ia,??? ??
to call,llamar,appeler,verrückt,?????,???,???,?????????,????
dollars,dÃÂ³lares,dollars,live,????,???,??,???,????
vs,VS,c,bereit,?????,??????,???,?????,?????
to wait for,esperar,attendre,von welchem,????,?????,??,????? ???????,????? ??
guard,guardia,garde,Hoffnung,????,??,??,?????????,???
remember,recordar,souviens,groß,????,???,??,???????,????
hard,duro,dur,Ursache,???,??,??,??????,????
will be,serÃÂ¡,serai,Punkt,????,????,??,??????,?????
desk,despacho,bureau,Mädchen,?????,???,???,???????,????????
see,ver,voyez,aus,????,?,??,??????,????
on board,a bordo,abord,gestern,???,??,??,??????,??
important,importante,important,Arbeit,?????,??,??,????,???
must,tengo que,devez,Gedanke,?????,??,??,???????,????
ben,ben,ben,Junge,???,???,??,???????,?????
penalty,multa,peine,schließen,????,??,??,??????????,??? ????
course,clase,cours,Entschuldigung,???,???,???,????????????,????? ??????
will,voluntad,fera,fünf,????,?,?,?????,????
takes,acepta,prend,Chef,????,???,??,??????,???????
lord,caballero,seigneur,H,?,h,H,?,??
enough,suficiente,suffit,Daher,????,?????,??,??????,?? ??????
road,camino,route,hoch,????,??,??,???????,????
they,ellos,ils,der Eine,??????,??,?????,?????,??
minute,minuto,minute,Anfrage,???,?????,??,????????,??????
Good evening,Buenas noches,bonsoir,würde sagen,?????,??????,??,????????,???? ????
game,juego,jeu,Baby,???,????,??,???????,?????
believed,creÃÂ­do,croyais,möglich,????,??,???,?????????,????
pleasure,placer,plaisir,Schule,?????,??,??,?????,????????
would like,gustarÃÂ­a,voudrais,voll,??????,??,??,????,??? ???
happy,feliz,heureux,Hände,??????,?,?,?????,???
word,palabra,mot,Jahre,????,?,?,????????,???
music,mÃÂºsica,musique,sagen,????,??,?,?????,????
gentlemen,caballeros,messieurs,neu,????,???,??,???????,???
take,llevar,prenez,essen,????,???,?,?????????????,???
calm,calma,calme,Arzt,????,??,??,??????????,????????
parents,padres,parents,runden,?????,????,???,??????,???
o,O,o,glauben,?????,???,??,??????????,???????
inside,adentro,dedans,diese,?????,????,??,???,??
crazy,loco,fous,vier,?????,?,??,??????,???
Stop,Detener,arrÃÂÃÂªtez,stattdessen,????? ??,?????,??,?????? ??????,????
marriage,casamiento,mariage,gehen,????,??,?,??,?????
enter,Entrar,entrer,Woche,?????,?,??,?????,??????
to return,regresar,rentrer,Wahrheit,?????,??,??,?????,??
has,tiene,ait,Neid,???,??,??,??????,???????
bed,cama,lit,Kapitän,???? ???????,?????,??,???????,??????
sees,visiÃÂ³n,voit,e,?,e,e,e,?
as much,como mucho,autant,Stoppen,??,??,??,????????,?????
come back,regresar,reviens,Geschäft,???,??,??,????,???????
Perfect,Perfecto,parfait,Bald,??????,??,??,????????,???? ??
heart,corazÃÂ³n,coeur,Sicht,????,???,??,??????,?????
this,este,ceci,fragen,????,??,?,?????????,?????
service,servicio,service,zuletzt,???,??,???,?????,?????
phone,telÃÂ©fono,tÃÂÃÂ©lÃÂÃÂ©phone,Moment,????,??,??,????,??
poor,pobre,pauvre,versuchen,?????,??,??,???????,?????
waits,murga,attend,ankommen,???,??,??,?????,???
will go,irÃÂ©,ira,machen,????,??,??,?????,?????
Sometimes,A veces,parfois,solch,???,?????,???,???????,???
L,L,l,hinter,???,???,???,????????,????
back,atrÃÂ¡s,retour,fallen,???? ?? ????,???,??,???,????? ?? ????
has,tiene,ÃÂÃÂ¡,fast,??????,????,??,???????????,????
glass,vaso,verre,wollte,???? ??,?????,??,????????,????? ??
think,pensar,pensÃÂÃÂ©,am besten,????,??,???,??????,???????
six,seis,six,Nummer,???,??,??,???,??????
impossible,imposible,impossible,DR,?????,??,??,???????,??
likes,gustos,aimes,Tageszeit,??????,??,??,?????????,???
pay,paga,payer,anrufen,???????,????,???,??????,???? ????
easy,fÃÂ¡cil,facile,Dollar,???????,??,??,????????,????
master,maestro,maÃÂÃÂ®tre,vs,??,vs,vs,vs,????
new,nuevo,new,warten auf,???????,???,??,???????????,?? ??? ????????? ????
called,llamado,appelÃÂÃÂ©,Vertrauen,???,??,??,?????????,???????
bad,malo,mauvais,bewachen,????,???,??,??????,?????
general,general,gÃÂÃÂ©nÃÂÃÂ©ral,erinnern,?????,???,??,????????,??? ????
doubt,duda,doute,hart,???,???,??,?????????,???????
prison,prisiÃÂ³n,prison,wird sein,??? ????,????????,?,?????????,????
adore,adorar,adore,Schreibtisch,????,?,??,????,????
hear,escuchar,entends,sehen,???,??,?,???????,?????
forget,olvidar,oubliÃÂÃÂ©,an Bord,??? ??? ?????,???,???,????????,????
arm,brazo,bras,wichtig,???,??,???,??????????,??????????
Exactly,Exactamente,exactement,müssen,??? ??,?????????,??,????????,?? ???? ??
party,fiesta,fÃÂÃÂªte,Ben,??,??,?,????,???
coffee,cafÃÂ©,cafÃÂÃÂ©,Strafe,????,?????,??,??????,???
Dear,Estimado,chÃÂÃÂ©ri,Kurs,????,???,??,???????,????
go outside,Salir afuera,sors,Wille,???,??,??,?????????,?????
kind,amable,gentil,nimmt,????,??,?,?????????,???? ??
think,pensar,penser,Herr,??,?,?,???????,?????
worth,valer,vaut,genug,????,??,???,???????,????????
place,lugar,lieu,Straße,????,?,?,????,????
to change,cambiar,changer,Arsch,?????,??,??,?????,???
king,rey,roi,Sie,??,???,??,???????,??
begin,comenzar,commence,Minute,?????,?,??,??????????,????
hear,escuchar,entendre,Guten Abend,???? ?????,?????,???,???? ???????,??? ??????
president,presidente,prÃÂÃÂ©sident,Spiel,????,???,??,??????????,???
to work,trabajar,travailler,geglaubt,?????,?????,??,??????????????,???? ???? ?? ??
everywhere,en todos lados,partout,Bauernhof,?????,??,??,?????,???
dead,muerto,morts,Vergnügen,????,??,??,??????,????
give back,devolver,rendre,Möchte,?? ???,???,?,??????????????,???????
writing,escribiendo,ÃÂÃÂ©crit,Glücklich,????,????,???,??????????,???
team,equipo,ÃÂÃÂ©quipe,Wort,????,??,??,?????,????
plays,obras de teatro,joue,Musik,??????,??,??,???,?????
I,I,i,Hund,???,?,?,????,??????
Otherwise,De lo contrario,sinon,Herren,?????? ?????????,??,???,???????????,???????
spirit,espÃÂ­ritu,esprit,nehmen,????,??,?,????????? ???????????,????
look,mirar,regarder,ruhig,????,?????,???,??????????,????
go home,Vete a casa,rentre,Eltern,????,??,??,????????,???????
plan,plan,plan,Ö,?,o,o,?,??
heart,corazÃÂ³n,cÃÂÃÂur,innen,????,??,??,?????,????
want,desear,veulent,verrückt,?????,?????,???,?????????,????
to show,mostrar,montrer,Stoppen,??,??,??,????????,?????
desired,deseado,voulu,Hochzeit,????,??,??,????????,????
drink,beber,boire,eingeben,????,??,??,??????????,?????? ????
work,trabajar,travaille,zurückgeben,??? ????,??,??,???????,????? ?? ????
own,propio,propre,hat,????,?????,?,??????,??
year,aÃÂ±o,annÃÂÃÂ©e,Bett,????,???,?,???????,??????
state,estado,ÃÂÃÂ©tat,sieht,???,???,??,???????????,????? ??
be,ser,soyez,So viel,????,???????,????,???????,???? ??????
drink,beber,bois,Komm zurück,??,?????,??,???????? ??,???? ??
look for,buscar,cherche,Perfekt,?????,??,???,??????,?????
leave alone,dejar solo,laissÃÂÃÂ©,Herz,???,??,?,?????,???
to try,probar,essayer,Das,???,??,?,???,??
of the,desde,dÃÂÃÂ¨s,Service,????,????,??,????,????
seems,parece,semble,Telefon,????,??,??,????????,????
ies,fondos,ies,arm,????,???,???,???,????
ten,diez,dix,Vermissen,?????,??,??,??????,???
did,hizo,faisait,wartet,?????,??????,??,???????????????,?????
awesome,impresionante,gÃÂÃÂ©nial,lustig,????,???,???,???????????,???????
thinking,pensamiento,penses,werde gehen,?????,????,??,???????,?? ???
security,seguridad,sÃÂÃÂ©curitÃÂÃÂ©,Manchmal,??????,??,??,??? ??????????,???-???
early,pronto,tÃÂÃÂ´t,L,?,l,l,???,??
army,ejÃÂ©rcito,armÃÂÃÂ©e,zurück,???,??,??,????????,????
lose,perder,perdre,hat,????,?????,?,??????,??
d,d,d,Glas,????,???,??,???????,????
talk,hablar,parles,denken,????,???,??,?????????????,?????
notice,aviso,avis,sechs,???,?,?,???,??
Above all,sobretodo,surtout,Das,???,??,?,???,??
difficult,difÃÂ­cil,difficile,unmöglich,??????,???,????,?????????????,?????
york,York,york,wird tun,??? ????,???,??,????????,??????
sleep,dormir,dormir,Likes,?????????,???,??,??????????,???? ??
Next,PrÃÂ³ximo,ensuite,zahlen,????,???,??,?????????????,????
listen,escuchar,ecoute,einfach,???,??,???,??????,????
simple,sencillo,simple,Meister,????,????,??,????,?????
was going to,iba a,allait,neu,????,???,??,???????,???
peace,paz,paix,angerufen,????????,????????,??,???????????????,??????
dead,muerto,morte,schlecht,???,??,??,??????,????
armed,armado,arme,allgemein,???,????,???,?????,???????
subject,sujeto,sujet,zweifeln,??,??,??,????????,?????
delay,demora,retard,Gefängnis,???,???,??,????????,???????
let's see,vamos a ver,voyons,verehren,????,?????,??,??????,????? ???? ???
book,libro,livre,Fehler,???,???,??,????,????
can,poder,peuvent,hören,????,??,??,????,????
dirty,sucio,sale,vergessen,????,???,??,??????????,??? ???
would be,serÃÂ­a,serais,Arm,????,?,??,??,???
often,frecuentemente,souvent,genau,??????,????,???,??????,???????
year,aÃÂ±o,an,Party,???,?????,??,?????,??
except,excepto,sauf,Kaffee,????,????,??,?????????? ????,????
choice,opcion,choix,Liebling,?????,????,???,?????,?????
certainly,ciertamente,sÃÂÃÂ»rement,geh nach draussen,????,??????,??,?????? ????,???? ???
have been,ha sido,ÃÂÃÂ©tiez,Art,????,??,??,?????,?????
gold,oro,or,denken,????,???,??,?????????????,?????
face,rostro,visage,Wert,?????,??,??,???????,????
order,orden,ordre,John,???,???,??,????,???
to understand,comprender,comprendre,Ort,????,??,??,????,???
try,intentar,essayÃÂÃÂ©,krank,????,??,???,????????????????,?????
dinner,cena,dÃÂÃÂ®ner,König,????,?,??,????,????
age,edad,ÃÂÃÂ¢ge,beginnen,????,???,??,???????,????
path,camino,chemin,hören,????,??,??,????,????
exchange,intercambio,changÃÂÃÂ©,Präsident,????,??,??,????????,???????
end ,fin,bout,arbeiten,?????,?????,??,????????,??? ???? ?? ???
face,rostro,face,überall,?? ?? ????,?????,??,????? ???????????,?? ???
Street,Calle,rue,Liebling,?????,????,???,?????,?????
photo,foto,photo,tot,???,???,??,??????????????,???
go,ir,allÃÂÃÂ©,zurück geben,????,???????,??,???????? ?????,???? ????
serious,serio,sÃÂÃÂ©rieux,Schreiben,?????,????,??,????????,?????
sky,cielo,ciel,Team,????,???,??,???,???
friend,Amiga,amie,Theaterstücke,????,??,??,?????????,??????
questions,preguntas,questions,ICH,???,?,?,????,???
J,J,j,Ansonsten,???? ???,?????,??,???????????,??????
keep,mantener,garder,Geist,???,??,??,???,?????
small,pequeÃÂ±o,petits,sehen,????,??,?,????,?????
to pull,para tirar,tirer,nach Hause gehen,???? ??????,????,??,?????????? ????,?? ???
millions,millones,millions,planen,????,???,??,???????,?????
severe,severo,grave,Herz,???,??,?,?????,???
walk,caminar,marchÃÂÃÂ©,wollen,????,???,?,????????,?????
news,noticias,nouvelles,zeigen,?????,????,???,?????????,????? ????
voice,voz,voix,gewünscht,?????,????,??,?????????,??????
could,podrÃÂ­a,pouvais,trinken,????,??,?,?????,????
fluent,fluido,courant,arbeiten,???,??,??,????,???
about,acerca de,propos,eigen,???,???,???,??????????,????
boat,bote,bateau,Jahr,???,?,?,?????,????
forget,olvidar,oublie,Zustand,?????,?,??,????,?????
stupid,estÃÂºpido,con,Sei,????,??,?,???,????
that,eso,celle,trinken,????,??,?,?????,????
LEFT,IZQUIERDA,gauche,Suche,???,??,??,????,???? ?? ???
price,Premio,prix,T,?,t,t,??,??
red,Rojo,rouge,allein lassen,????? ??????,??,????,?????? ????,????? ???? ??
plane,aviÃÂ³n,avion,versuchen,??? ?????,?????,??,??????? ?????,??????? ????
become,volverse,devenir,des,??????,?,?,of,??
duty,deber,devoir,scheint,????,????,??,?????????,??????
next,prÃÂ³ximo,prochaine,ies,IES,????,?,??????,?????
Stay,Permanecer,restez,Jack,???,????,??,????,???
buy,comprar,acheter,zehn,????,?,?,?????,??
journey,viaje,voyage,tat,???,??,??,???????,????
sort,clasificar,sorte,Eindrucksvoll,????,?????,???,?????,???? ??????
long,largo,long,Denken,???????,??,??,???????,???
species,especies,espÃÂÃÂ¨ce,Sicherheit,?????,??,??,??????????,???????
silly,tonto,idiot,früh,????,??,???,?????,?????
mouth,boca,gueule,setzen,???,??,?,????,????
move,mover,bouge,Traum,???,?,?,????,????
keep on going,continÃÂºa,continue,Armee,???,?,??,????????,????
spell,deletrear,sort,verlieren,????,??,??,?????,????
grace,gracia,grÃÂÃÂ¢ce,D,?,d,d,d,??
problems,problemas,problÃÂÃÂ¨mes,sprechen,?????,??,??,??????,??? ????
some,alguno,certains,beachten,?????,???,??,?????????,?????
boss,jefe,patron boss,Über alles,??? ????,????,??,????????????? ?????,???? ???
safe,seguro,sÃÂÃÂ»re,schwierig,???,???,??,??????,????
received,recibiÃÂ³,reÃÂÃÂ§u,York,????,???,??,??????,?????????
stuff,cosa,trucs,schlafen,????,??,??,??????,????
had,tenÃÂ­a,avaient,Nächste,??????,?,???,????????,????
open,abierto,ouvre,schlechter,????,??,??,????????,??????? ????
promised,prometido,promis,Hören,?????,??,?,?????????,?????
tea,tÃÂ©,the,einfach,????,??,???,????,???
uncle,tÃÂ­o,oncle,ging zu,??? ????? ???,??????,???,?????????????????????,?? ??? ?? ??? ??
uh,oh,euh,Frieden,????,??,??,????????,?????
know,saber,connaissez,tot,???,???,??,??????????????,???
leave,dejar,laissez,bewaffnet,????,??,??,??????,???????
owe,deber,devons,Thema,?????,??,??,??????,????
Welcome,Bienvenido,bienvenue,Verzögerung,?????,??,??,??????,????
busy,ocupado,occupe,mal sehen,???? ???,???????,??????,??????????,??? ????? ???
alla,alla,allais,Buch,????,?,?,????,?????
camp,acampar,camp,gelernt,?????,???,???,?????,????
lack,falta,manque,dürfen,??????,???,?,????????,?? ????
sun,sol,soleil,schmutzig,????,??,???,???????,????
was to,era para,devait,wäre,?????,???,??,???????? ?????,????
pars,pars,pars,oft,??????,??,??,????????????,?????
could,podrÃÂ­a,pouvait,Jahr,???,?,?,?????,????
hair,pelo,cheveux,außer,??????,?????,??,????,?? ?????
weapons,arma,armes,Auswahl,????,??,??,??????,????
Think,Pensar,pensez,sicherlich,????????,???,??,?????????,??????? ??? ??
room,habitaciÃÂ³n,salle,gewesen sein,??? ???,?????,??,???????????????,???
believe,creer,croyez,Gold,???,?,??,??????,????
weird,extraÃÂ±o,bizarre,Gesicht,???,?,?,?????,?????
earn,ganar,gagner,Befehl,???,??,??,???????,????
begin,comenzar,commencÃÂÃÂ©,verstehen,????,???????,??,???????????????????,??? ???
bottom,abajo,fond,versuchen,?????,??,??,???????,?????
save,ahorrar,sauver,Schwarz,????,?,???,???????,????
piece,pedazo,piÃÂÃÂ¨ce,Abendessen,????,??,??,???? ????,??? ?? ????
error,error,erreur,Alter,???,?,??,????,???
elsewhere,en otra parte,ailleurs,Weg,????,??,??,????,??
report,relaciÃÂ³n,rapport,Austausch,?????,??,??,??????????,????-????
cold,frÃÂ­o,froid,Ende,?????,???,??,??????,???
learn,aprender,apprendre,Gesicht,???,?,?,?????,?????
scene,escena,scÃÂÃÂ¨ne,Straße,????,??,??,????,???
secret,secreto,secret,Sorge,????,??,??,????,?????
bag,Bolso,sac,Foto,????,??,??,??????????,??????
second,el segundo,seconde,gehen,????,??,?,???,????
believed,creÃÂ­do,cru,Menschen,?????,??,??,??????,???
to come back,volver,revenir,Himmel,????,?,??,?????,????
beat,batir,battre,Ehre,???,??,??,???????,??????
hotel,hotel,hÃÂÃÂ´tel,Freund,????,??,??,??????,?????
evening,noche,soirÃÂÃÂ©e,Fragen,?????,??,??,?????????,?????
will have,tendrÃÂ¡,aurai,Stärke,???,??,??,?????,????
feet,pies,pieds,J,?,j,j,??,??
map ,mapa,carte,halten,????,??,??,??,????
not,no,n,klein,????,???,??,?????,????
foot,pie,pied,ziehen,????,????,?,??????,??????
band,banda,groupe,Millionen,??????,???,??,?????????,?????
coming,prÃÂ³ximo,venue,schwer,????,???,??,????????,?????
mounted,montado,monte,gehen,????,??,?,??,?????
agent,agente,agent,Nachricht,?????,????,??,??????,??????
had to,tuve que,fallait,Stimme,???,?,??,?????,?????
effect,efecto,effet,Wochen,??????,?,??,????????,??????
free,libre,libre,könnte,??????,???,??,????????,????
cum,semen,foutre,fließend,????,??,??,??????,????????
mess,desorden,bordel,um,??,????,??,?????,?? ???? ???
words,palabras,mots,Boot,????,???,?,????,???
nine,nuevo,neuf,vergessen,????,???,??,??????????,??? ???
drawn,dibujado,tire,dumm,???,??,???,????????,?????
fake,falso,faux,Das,???? - ????,??,?,????,??
kill,matar,tue,LINKS,????,?,??,????,????
light,luz,lumiÃÂÃÂ¨re,begeistert,?????? ?????,???????,??,???????????,????????
old,viejo,vieille,Preis,???,??,??,????,????
RIGHT,derecha,droite,Rot,????,?,???,???????,???
standing,de pie,debout,Hunger,???,??,??,???,???
Christmas,Navidad,noÃÂÃÂ«l,würdest du,?????,???,??,????????,??????
horse,caballo,cheval,Flugzeug,?????,???,??,???????,?????
interior,interior,intÃÂÃÂ©rieur,werden,????,??,??,??,????
Listen,Escuchar,ÃÂÃÂ©coutez,Pflicht,????,??,??,????,???????
pretty,"bonito, lindo",joli,nächste,??????,?,???,????????,????
won,ganado,gagnÃÂÃÂ©,Bleiben,????,????,??,????,????
law,ley,loi,kaufen,?????,??,?,?????,??????
Come in,Adelante,entrez,Reise,????,?,??,?????,??????
aura,aura,auras,Sortieren,???,??,??,??????????,???? ?? ?????
letter,carta,lettre,lang,????,??,??,?????,????
here,aquÃÂ­,prÃÂÃÂ©sent,Spezies,????,?,??,???????,??????????
to occupy,para ocupar,occuper,dumm,????,???,???,???????????,?????
know,saber,connaÃÂÃÂ®t,Mund,??,?,?,????,????
had,tenÃÂ­a,aviez,Anfang,?????,???,??,???????,??????
lady,dama,dame,bewegen,?????,??,??,??????,???
teacher,maestro,professeur,geh weiter,?????,???????,?????,????? ??????? ???,???? ????
money,dinero,fric,Krankenhaus,??????,??,??,???????????,???????
George,Jorge,george,Fluch,?????,???,??,?????????????,?????
find,encontrar,retrouver,Anmut,????,??,??,?????,???????
corner,esquina,coin,Probleme,?????,??,??,??????????,??????
table,mesa,table,Nachricht,?????,?????,??,??????,?????
colonel,coronel,colonel,manche,???,?????,??,???,???
soul,alma,ÃÂÃÂ¢me,Chef,????,??,??,????,?????
back,atrÃÂ¡s,dos,sicher,???,??,???,?????????????,????????
Magnificent,esplÃÂ©ndido,magnifique,erhalten,????,?????,???,???????????,???????
meet,encontrarse,rencontrer,Sachen,?????,??,??,??????,???????
successful,exitoso,rÃÂÃÂ©ussi,hatte,???,?????,?,????????,??
best,mejor,meilleure,offen,????,???,??,??????,????
remember,recordar,rappelle,versprochen,????,?????,??,??????????,????
calm,calma,tranquille,Tee,???,??,?,??????,???
was,era,fut,Onkel,??,??,??,????,????
hot,caliente,chaud,äh,???,???,?,?,??
to start,comenzar,commencer,wissen,????,??,??,????????,?????
sister,hermana,sÃÂÃÂur,verlassen,????,???,??,????????,??????
act,acto,agit,verdanken,????,?????,?,???????????????,???? ????
cool,FrÃÂ­o,cool,Willkommen,??????,????????,??,????????,??????
The same,Lo mismo,pareil,beschäftigt,?????,???,???,????????,??????
youth,juventud,jeunes,Alla,????,??,??,?????,?????
joe,JosÃÂ©,joe,Lager,?????,????,?,??????,?????
accident,accidente,accident,Mangel,???,????,??,???????????,???
call,llamar,appel,Sonne,???,??,??,???????,????
birthday,cumpleaÃÂ±os,anniversaire,war zu,???? ???,?????,?,????????,?? ??? ??? ??
white,"blanco, Blanca",blanc,Pars,????,??,pars,pars,?????
risk,riesgo,risquÃÂÃÂ©,könnte,??????,???,??,????????,????
AVERAGE,PROMEDIO,moyen,Haar,???,?,??,????,???
finished,Terminado,terminÃÂÃÂ©,Waffen,?????,??,??,?????????,"??????, ??????"
completely,completamente,complÃÂÃÂ¨tement,Denken,????,???,??,?????????????,?????
clear,claro,clair,Zimmer,????,??,??,???,????
murder,asesinato,meurtre,glauben,?????,???,??,??????????,???????
sat,se sentÃÂ³,sam,seltsam,????,???,???,??????????????,????
speak,hablar,parlez,verdienen,????,??,?,???????,?????
orders,ÃÂ³rdenes,ordres,beginnen,????,???,??,???????,????
said,dicho,disais,unten,???,?,??,????,??
touch,tocar,touche,speichern,????,??,??,???????????,?????
Frank,Franco,frank,Stück,????,???,?,??????,??????
loans,prÃÂ©stamos,prÃÂÃÂªts,Fehler,???,???,??,????,????
do,hacer,fasse,anderswo,?? ???? ???,????,??,???? ?????????,????
may,puede,puisse,Bericht,?????,??,??,???????,?????????
sent,enviado,envoyÃÂÃÂ©,kalt,????,??,???,??????,????
read,leer,lire,lernen,?????,??,??,????,?????
said,dicho,disait,Szene,????,???,??,??????,?????
fall,caer,tombe,Geheimnis,??,??,??,???????,?????
on,en,su,Tasche,????,???,?,??,????
to walk,andar,marcher,zweite,?????,2?,??,?????????,?????
advance,avance,avance,geglaubt,?????,?????,??,??????????????,???? ???? ?? ??
hated,odiado,dÃÂÃÂ©teste,Hallo,??????,?????,??,???????,??????
shape,forma,forme,zurückkommen,?? ????,?????,??,???????? ??,???? ??? ?? ???
has,tiene,ÃÂÃÂ¢,schlagen,????,???,?,???,????
bad,malo,mauvaise,Hotel,??????,???,??,???????,????
edge,borde,bord,Abend,????,??,??,??????????,???
decided,decidido,dÃÂÃÂ©cidÃÂÃÂ©,werde haben,??? ???? ???,??????,??,?????????,????
sea,mar,mer,Schwester,???,?,??,???????,???
alive,vivo,vivant,Füße,???,?,?,???,???
doctor,doctor,mÃÂÃÂ©decin,wird sein,??? ????,????????,?,?????????,????
noon,mediodÃÂ­a,midi,Karte,?????,??,??,???????,?????
became,convertirse,devenu,hübsch,????,????,???,?????,?????
watch,Reloj,montre,nicht,??,??,??,?????,????
to carry,llevar,porter,Fuß,???,?,?,????,???
real,real,vraie,Band,????,???,??,??????,????
say,decir,disent,Kommen,??,??,??,????????,? ???
would do,harÃÂ­a,ferait,montiert,???????,??????????,??,????????????,????????
charlie,charlie,charlie,Agent,????,??????,???,??????,?????????
to know,saber,connaÃÂÃÂ®tre,musste,??? ??? ??,???????????,??,????? ???????????????,???? ????
silence,silencio,silence,Wirkung,?????,??,??,??????,??????
devil,demonio,diable,frei,??,??,???,??????,?????
get out,salir,sortez,wird sein,??? ????,????????,?,?????????,????
Tom,TomÃÂ¡s,tom,Sperma,??????? ??????????,??,?,???,?????
gift,regalo,cadeau,Durcheinander,????,??,??,????????,??????
Assumed,Ficticio,suppose,Wörter,?????,??,?,????????,????
B,B,b,neun,???,?,?,??????,??
cops,policÃÂ­as,flics,gezeichnet,?????,???????,?,????????????,????????
lawyer,abogado,avocat,gefälscht,????,??,???,????,????
sworn,jurado,jure,Situation,??????,??,??,??????,?????????
English,InglÃÂ©s,anglais,töten,???,??,?,????,?????
seven,siete,sept,Licht,???,???,?,???,?????
should,deberÃÂ­a,devriez,alt,????,??,??,????,??????
half,medio,moitiÃÂÃÂ©,RECHTS,????,?,???,???,???
love,amar,aimÃÂÃÂ©,Stehen,??????,?????,??,??????,???? ??
will be,serÃÂ¡,serez,Weihnachten,??? ???????,?????,???,???????????,???????
exact,exacto,exact,Pferd,????,?,?,??????,?????
commanding officer,El oficial al mando,commandant,Innere,????????,?????,???,????????,?????? ???
TV,TELEVISOR,tÃÂÃÂ©lÃÂÃÂ©,Hören,?????,??,?,?????????,?????
disappeared,desaparecido,disparu,hübsch,????,????,???,?????,?????
line,lÃÂ­nea,ligne,gewonnen,???,????,??,???????,??? ???
to like,amar,aimer,Gesetz,?????,?,??,??????,?????
arrival,llegada,arrivÃÂÃÂ©e,Komm herein,????,???????,??,????? ??,???? ???
fat,gordo,grosse,Aura,????,???,??,???,???
simply,simplemente,simplement,toll,????,?????,???,?????????,??????
assignment,asignaciÃÂ³n,mission,Brief,????,??,?,??????,????
hold,sostener,tenir,Hier,???,??,??,?????,????
good,bien,bons,besetzen,?????,????,??,???????????,??? ????
to leave,dejar,quitter,wissen,????,??,??,????????,?????
according to,de acuerdo a,selon,absolut,?????,???,???,??????????,???????
class,clase,classe,hatte,???,?????,?,????????,??
got out,SaliÃÂ³,sorti,Dame,????,???,??,????,?????
people,poblada,peuple,Lehrer,????,??,??,????????,???????
habit,hÃÂ¡bito,habitude,Geld,???,??,?,????,??
way,forma,voie,George,????,????,??,??????,?????
dangerous,peligroso,dangereux,finden,???,??,??,?????????,????
pal,camarada,pote,Ecke,???,????,??,????????,????
shame,lÃÂ¡stima,honte,Tisch,?????,????,??,????,????
encounter,encontrar,rencontrÃÂÃÂ©,Oberst,???????,??,??,??????,?????
Pictures,Fotos,photos,Seele,???,?,??,?????,?????
impression,impresiÃÂ³n,impression,zurück,???,??,??,????????,????
crazy,loco,folle,Herrlich,????,??,???,?????????,??????
to write,escribir,ÃÂÃÂ©crire,treffen,?????,??,??,?????????,????
follow,seguir,suivre,erfolgreich,????,??,???,??????,???
books,libros,livres,am besten,????,??,???,??????,???????
go,ir,aille,erinnern,?????,???,??,????????,??? ????
return,devolver,retourner,ruhig,????,?????,???,??????????,????
offer,oferta,offre,War,???,???,??,????????,??
song,canciÃÂ³n,chanson,heiß,???,??,??,?????,????
send,enviar,envoie,HERR,?????,?,??,????,????
hole,agujero,trou,anfangen,?????,?????,??,???????,???? ????
back,atrÃÂ¡s,arriÃÂÃÂ¨re,Schwester,???,?,??,???????,???
job,trabajo,poste,Akt,????,??,??,??????,?????
America,America,amÃÂÃÂ©rique,Cool,????,???,???,??????,????
eight,ocho,huit,sanft,????,???,??,???????,????
radio,radio,radio,Das gleiche,??? ?????,??,??,???,?? ???
Paul,Pablo,paul,Jugend,????,??,??,????,????
looks like,parece,ressemble,Joe,??,???,?,???,??
attack,ataque,attaque,Unfall,?????,??,??,???????,????????
kiss,beso,baiser,Anruf,????,??,??,???????,???????
Yet,Sin embargo,pourtant,Geburtstag,??? ?????,???,??,?????? ????,???????
answer,respuesta,rÃÂÃÂ©ponse,Weiß,????,?,???,??????,?????
known,conocido,connu,beenden,????,????,??,???????,???? ????
k,k,k,Risiko,??????,??,??,??????,?????
asshole,EstÃÂºpido,connard,muss,???,?????????,??,????????,?????
whore,puta,pute,DURCHSCHNITT,?????,??,???,??????,???
band,banda,bande,fertig,?????,????,???,?????????,????
hell,infierno,enfer,vollständig,???????,???,???,??????????,???? ???
hold,sostener,tenez,klar,????,???,??,???????,??????
renders,renders,rend,Mord,???,??,??,????,?????
such,semejante,tel,Sa,???,?,??,???,????
well done,bien hecho,bravo,sprechen,?????,??,??,????,?????
be,estar,ÃÂÃÂªtre,Glücklich,????,????,???,??????????,???
David,David,david,Aufträge,?????,??,??,?????????,????
several,varios,plusieurs,sagte,???,???,?,????????,???
exist,existir,existe,berühren,????,??,??,????,????
put,pone,met,Frank,????,????,??,????????,??????????
laugh,reÃÂ­r,rire,Kredite,??????,???,??,???????,??
odd,extraÃÂ±o,ÃÂÃÂ©trange,Tun,????,??,?,????,????
example,ejemplo,exemple,Mai,????,5?,??,??,??
had to,tuve que,devais,Mittagessen,????,???,??,???? ????,??? ?? ????
lives,vidas,vit,gesendet,????,????,??,??????????????,????
fight,luchar,combat,lesen,????,??,?,???,?????
rescue,rescate,secours,sagte,???,???,?,????????,???
will have,tendrÃÂ¡,aurez,fallen,????,?,??,????????,?????
bullshit,mierda,conneries,An,???,??,?,???,??
plays,obras de teatro,jouÃÂÃÂ©,gehen,?????,??,?,????????????,???? ?? ???
Michael,Miguel,michael,Vorauszahlung,?????,??,??,????????????,??????
may,puede,pourra,gehasst,???,??,??,???????????????,????
conceived,concebido,imagine,Form,???,?,??,??????,????
bob,Beto,bob,hat,????,?????,?,??????,??
Listen,Escuchar,ÃÂÃÂ©coutez,schlecht,???,??,??,??????,????
will say,dirÃÂ­a,dirai,Rand,????,?,??,????????,??????
stolen,robado,volÃÂÃÂ©,entschieden,????,???,??,??????,????? ????
moon,luna,lune,Meer,???,?,?,????,??????
mouth,boca,bouche,lebendig,??? ??? ??????,?????,?,????????,?????
south,sur,sud,Arzt,????,??,??,??????????,????????
dance,bailar,danse,Mittag,??? ???????,??,??,???????,?????
troubles,nubes,ennuis,wurde,????,?????,???,????,?? ???
aim,objetivo,but,betrachten,?????,??,??,??????,????
Ouch,Ay,aie,tragen,?????,??,??,??????,?? ???? ?? ???
out,excepto,hors,real,?????,??,???,????????,????
exit,salida,sortie,sagen,????,??,?,?????,????
,,,würdest du,?????,???,??,????????,??????
,,,ignorieren,??????,????,??,???????????????,?????? ????
,,,Charlie,??????,?????,??,??????,??????
,,,wissen,??????,?????,??,???????? ?????,????? ??
,,,Schweigen,?????,??,??,? .???,???
,,,Teufel,?????,??,??,??????,?????
,,,aussteigen,????,????,??,?????? ???,??? ???
,,,Tom,???,??,??,????,???
,,,Geschenk,????,???,??,?????,?????
,,,Vermutet,?????,??,??,????????????,?????
,,,B,?,b,b,B,??
,,,Polizisten,???? ??????,??,??,????????,?????
,,,Rechtsanwalt,?????,???,??,??????????,????
,,,geschworen,??????,???,??,????????,??? ??
,,,Englisch,???????,??,??,????????,?????????
,,,Sieben,????,???,?,???,???
,,,sollen,???,???,??,????????,?????
,,,Hälfte,???,??,??,????,???
,,,Liebe,??,?,?,?????,?????
,,,Überraschung,??????,??,??,?????????,???????
,,,jede,??,????,??,???????????,????????
,,,wird sein,??? ????,????????,?,?????????,????
,,,genau,??????,????,???,??????,???? ???
,,,kommandierender Offizier,???? ?????,???,??,???????????? ???????,???????? ?????
,,,Fernseher,???????,???,??,????,????
,,,um,???,????,??,??????,??-???
,,,verschwunden,?????,???,???,??????? ?????,???? ???
,,,Linie,??,???,?,???,????
,,,erklären,????,????,??,??????,???????? ????
,,,mögen,??? ???,???,??,???????,???? ???
,,,Ankunft,????,??,??,?????,????
,,,fett,????,??,??,????????,????
,,,einfach,??????,??,???,???????,????
,,,Abtretung,?????,????,??,?????????,????????
,,,hinaufgehen,??????,???,??,???? ????,??? ???? ?? ???
,,,halten,????,??,??,????,??????
,,,Gut,???,??,??,????,?????
,,,Ball,???,???,?,?????,????
,,,verlassen,?????,??,??,???????,???? ????
,,,entsprechend,???,????,??,???,?? ??????
,,,Klasse,???,???,??,????????,?????
,,,Paris,?????,??,??,??????,?????
,,,rausgekommen,???? ???,??,??,?????? ??????,?????
,,,essen,????,???,?,?????????????,???
,,,Menschen,?????,??,??,??????,???
,,,Gewohnheit,????,?,??,???????,???
,,,Weg,????,??,??,???,??????
,,,gefährlich,????,???,???,?????????,??????
,,,Kumpel,????,??,??,??????,?????
,,,Kontrolle,?????,??????,??,???????????,????????
,,,bereit,?????,??????,???,?????,?????
,,,Scham,???,?,??,???????,???? ???
,,,begegnen,?????,???,??,???????????,????? ????
,,,Bilder,???,?????,??,???????,???????
,,,Eindruck,??????,??,??,??????,??????
,,,verrückt,?????,?????,???,?????????,????
,,,schreiben,?????,?????,??,????,?????
,,,folgen,????,??????,??,?????????,?????? ????
,,,vergessen,????,???,??,??????????,??? ???
,,,Bücher,???,?,??,???????????,????????
,,,gehen,????,??,?,???,????
,,,zurückkehren,????,??,??,???????,???? ????
,,,Angebot,????,????,??,?????,????????
,,,Lied,?????,?,??,?????,????
,,,schicken,????,??,??,???????,?????
,,,Loch,????,?,?,????,???
,,,zurück,???,??,??,????????,????
,,,Arbeit,?????,??,??,????,???
,,,Amerika,??????,????,??,?????????,???????
,,,acht,??????,?,?,?????,??
,,,Radio,?????,??,???,??????,??????
,,,Paul,???,???,??,????,???
,,,sieht aus wie,????,???????,??,?????????,?? ??? ???? ??
,,,Attacke,????,??,??,?????????,?????? ????
,,,gestoppt,?????,??,????,???????????????,???? ???
,,,Austausch,?????,??,??,??????????,????-????
,,,Kuss,????,??,?,???????,?????
,,,Noch,??? ????,??,??,???????,??? ??
,,,Antwort,?????,??,??,?????,?????
,,,bekannt,?????,???????,??,???????,?????
,,,k,?,k,k,??,?
,,,Arschloch,??????,????,??,?????,???
,,,lesen,????,??,?,???,?????
,,,Hure,?????,???,??,????,??????
,,,Band,????,???,??,??????,????
,,,Hölle,????,??,??,?????,???
,,,halten,????,??,??,????,??????
,,,Rendern,?????,??????,??,?????????,????????? ????
,,,traurig,????,???,??,?????,????
,,,solch,???,?????,???,???????,???
,,,gut gemacht,?????,?????,???,?????? ?????????,???? ?????
,,,Sei,????,??,?,???,????
,,,wusste,???,?????,??,????????,????? ??
,,,David,?????,????,??,??????,?????
,,,mehrere,????,?????,??,??,????
,,,existieren,????,????,??,??????,????????
,,,setzen,???,??,?,????,????
,,,lachen,????,??,?,????????,?????
,,,Unternehmen,????,??,??,????????,?????
,,,seltsam,????,??,???,??????????,????
,,,Beispiel,????,?,??,????????,??????
,,,musste,??? ??? ??,???????????,??,????? ???????????????,???? ????
,,,Leben,???????,??,??,????????,??????????
,,,kämpfen,?????,??,??,?????,????? ????
,,,Rettung,????,??,??,??????,????
,,,werde haben,??? ???? ???,??????,??,?????????,????
,,,Bullshit,????,????,??,????????,?????
,,,besuchen,????,??,??,?????,????? ????
,,,Theaterstücke,????,??,??,?????????,??????
,,,Michael,???????,????,???,????????,?????
,,,Mai,????,5?,??,??,??
,,,schlafen,?????,????,??,?????,???? ?? ???
,,,konzipiert,?????? ????,?????,??,???????????????????,??????
,,,Bob,???,??,??,????,?????
,,,wunderbar,????,?????,???,????????,??????????
,,,weitermachen,????,??,??,????????,???? ????
,,,Hören,?????,??,?,?????????,?????
,,,werde sagen,??? ????,?????,??,????????,?? ??????
,,,gestohlen,?????,????,??,?????????????,?????? ???
,,,Mond,???,?,??,????,???????
,,,Mund,??,?,?,????,????
,,,Süd,????,?,?,??????,??????
,,,tanzen,?????,???,??,?????,?????
,,,Probleme,?????,????,??,?????????,?????????
,,,Ziel,???,??,??,????????,????????
,,,Autsch,????,??,??,??,???
,,,aus,????,?,??,??????,????
,,,Ausfahrt,????,??,??,????????,???? ??????
